{"cameraMode":{"drawMode":0,"name":"Shaded","section":"Shading Mode"},"sceneLighting":false,"audioPlay":false,"sceneViewState":{"showFog":true,"showMaterialUpdate":false,"showSkybox":true,"showFlares":true,"showImageEffects":true,"showParticleSystems":true},"in2DMode":false,"pivot":{"x":2.2988815307617189,"y":-6.0585036277771,"z":4.601860046386719},"rotation":{"x":0.39854010939598086,"y":0.09929727762937546,"z":-0.0434533953666687,"w":0.9107262492179871},"size":12.425400733947754,"orthographic":false}