{"cameraMode":{"drawMode":0,"name":"Shaded","section":"Shading Mode"},"sceneLighting":false,"audioPlay":false,"sceneViewState":{"showFog":true,"showMaterialUpdate":false,"showSkybox":true,"showFlares":true,"showImageEffects":true,"showParticleSystems":true},"in2DMode":false,"pivot":{"x":3.5464954376220705,"y":-4.765229225158691,"z":-3.8260765075683595},"rotation":{"x":0.227440744638443,"y":0.262830525636673,"z":-0.06390548497438431,"w":0.9354819655418396},"size":18.799835205078126,"orthographic":false}